run_id,case_name,cargo_count,total_mass_kg,secured_frac,Time,PosX,PosY,PosZ,VelX,VelY,VelZ,SpeedKmh,AccX,AccY,AccZ,LongAcc,LatAcc,VertAcc,Roll,Pitch,Yaw,RollRate,PitchRate,YawRate,AngVelX,AngVelY,AngVelZ,AngAccX,AngAccY,AngAccZ,SteerAngle,TargetSteer,Throttle,Brake,FL_Grounded,FR_Grounded,RL_Grounded,RR_Grounded,FL_ForwardSlip,FR_ForwardSlip,RL_ForwardSlip,RR_ForwardSlip,FL_SideSlip,FR_SideSlip,RL_SideSlip,RR_SideSlip,MaxForwardSlip,MaxSideSlip,RolloverRisk,IsRollover
20260703_202909,case01_baseline_boxes,6,294.5,1.000,0.637,679.395,-1.502,736.112,-0.146,0.448,0.014,1.696,-1.619,0.957,0.080,1.618,0.080,0.958,-0.006,0.056,-89.997,0.154,0.380,0.042,-0.003,0.002,0.006,0.003,0.022,-0.036,12.800,0.380,1.000,0.000,1,1,1,1,-0.004,-0.002,0.737,-1.083,-0.009,-0.008,-0.001,-0.001,1.083,0.009,0.000,0
20260703_202909,case01_baseline_boxes,6,294.5,1.000,0.738,679.369,-1.458,736.115,-0.346,0.397,0.034,1.900,-2.002,-0.503,0.205,2.002,0.204,-0.500,0.014,0.087,-89.971,0.200,0.311,0.257,-0.004,0.006,0.005,-0.009,0.039,-0.014,14.429,0.384,1.000,0.000,1,1,1,1,-0.003,-0.002,0.667,0.736,-0.008,-0.003,-0.003,-0.003,0.736,0.008,0.000,0
20260703_202909,case01_baseline_boxes,6,294.5,1.000,0.838,679.324,-1.426,736.119,-0.551,0.259,0.055,2.200,-2.049,-1.383,0.203,2.052,0.199,-1.379,0.042,0.114,-89.925,0.276,0.268,0.460,-0.006,0.010,0.004,-0.016,0.037,-0.004,14.458,0.385,1.000,0.000,1,1,1,1,-0.006,-0.003,0.342,-0.628,-0.012,-0.006,-0.002,-0.003,0.628,0.012,0.000,0
20260703_202909,case01_baseline_boxes,6,294.5,1.000,0.946,679.252,-1.407,736.126,-0.776,0.091,0.077,2.826,-2.250,-1.680,0.224,2.255,0.215,-1.675,0.081,0.139,-89.853,0.396,0.253,0.718,-0.007,0.013,0.004,-0.015,0.035,-0.009,14.271,0.381,1.000,0.000,1,1,1,1,-0.004,0.000,0.223,0.517,-0.011,-0.003,-0.003,-0.003,0.517,0.011,0.000,0
20260703_202909,case01_baseline_boxes,6,294.5,1.000,1.046,679.164,-1.404,736.135,-0.974,-0.025,0.096,3.524,-1.980,-1.166,0.189,1.984,0.178,-1.161,0.125,0.155,-89.768,0.433,0.158,0.858,-0.008,0.017,0.002,-0.008,0.031,-0.018,13.912,0.372,1.000,0.000,1,1,1,1,-0.002,0.001,0.237,0.566,-0.010,-0.001,-0.003,-0.003,0.566,0.010,0.000,0
20260703_202909,case01_baseline_boxes,6,294.5,1.000,1.150,679.052,-1.411,736.145,-1.178,-0.089,0.112,4.271,-2.039,-0.637,0.158,2.042,0.144,-0.632,0.172,0.158,-89.661,0.473,0.034,1.062,-0.008,0.019,-0.001,0.000,0.024,-0.024,13.239,0.355,1.000,0.000,1,1,1,1,-0.004,-0.002,0.146,0.143,-0.011,-0.002,-0.002,-0.002,0.146,0.011,0.000,0
20260703_202909,case01_baseline_boxes,6,294.5,1.000,1.258,678.912,-1.422,736.158,-1.398,-0.104,0.129,5.069,-2.207,-0.145,0.170,2.208,0.152,-0.140,0.219,0.146,-89.535,0.471,-0.128,1.268,-0.007,0.022,-0.003,0.007,0.027,-0.027,12.721,0.342,1.000,0.000,1,1,1,1,-0.003,-0.001,0.140,0.178,-0.010,-0.001,-0.002,-0.002,0.178,0.010,0.000,0
20260703_202909,case01_baseline_boxes,6,294.5,1.000,1.370,678.743,-1.432,736.173,-1.613,-0.081,0.143,5.836,-2.144,0.229,0.149,2.145,0.127,0.233,0.261,0.118,-89.387,0.423,-0.281,1.472,-0.006,0.024,-0.005,0.012,0.023,-0.019,12.064,0.326,1.000,0.000,1,1,1,1,-0.004,-0.003,0.119,-0.107,-0.009,0.000,-0.002,-0.002,0.119,0.009,0.000,0
20260703_202909,case01_baseline_boxes,6,294.5,1.000,1.477,678.556,-1.439,736.190,-1.835,-0.044,0.157,6.633,-2.224,0.367,0.131,2.225,0.104,0.370,0.294,0.083,-89.235,0.323,-0.346,1.526,-0.005,0.025,-0.006,0.014,0.015,-0.006,11.372,0.309,1.000,0.000,1,1,1,1,-0.003,-0.001,0.126,0.263,-0.008,0.001,-0.002,-0.002,0.263,0.008,0.000,0
20260703_202909,case01_baseline_boxes,6,294.5,1.000,1.582,678.354,-1.442,736.207,-2.047,-0.011,0.170,7.396,-2.121,0.331,0.130,2.122,0.098,0.332,0.316,0.050,-89.077,0.229,-0.331,1.574,-0.003,0.027,-0.005,0.014,0.015,0.007,10.638,0.290,1.000,0.000,1,1,1,1,-0.004,-0.002,0.119,-0.021,-0.007,0.001,-0.002,-0.002,0.119,0.007,0.000,0
20260703_202909,case01_baseline_boxes,6,294.5,1.000,1.694,678.113,-1.442,736.226,-2.263,0.010,0.181,8.172,-2.156,0.212,0.112,2.157,0.072,0.213,0.332,0.022,-88.902,0.160,-0.278,1.754,-0.002,0.028,-0.003,0.013,0.007,0.017,9.923,0.272,1.000,0.000,1,1,1,1,-0.004,-0.002,0.121,0.095,-0.006,0.000,-0.002,-0.002,0.121,0.006,0.000,0
20260703_202909,case01_baseline_boxes,6,294.5,1.000,1.801,677.859,-1.440,736.246,-2.475,0.019,0.195,8.938,-2.123,0.085,0.144,2.125,0.097,0.085,0.340,0.007,-88.728,0.077,-0.151,1.742,-0.001,0.029,-0.001,0.012,0.010,0.020,9.233,0.254,1.000,0.000,1,1,1,1,-0.004,-0.002,0.121,0.089,-0.004,0.002,-0.002,-0.002,0.121,0.004,0.000,0
20260703_202909,case01_baseline_boxes,6,294.5,1.000,1.906,677.591,-1.438,736.267,-2.668,0.018,0.208,9.633,-1.924,-0.003,0.131,1.927,0.082,-0.003,0.341,0.004,-88.554,0.013,-0.031,1.735,0.000,0.029,0.000,0.009,0.007,0.017,8.887,0.245,1.000,0.000,1,1,1,1,-0.004,-0.002,0.122,0.088,-0.005,0.000,-0.002,-0.002,0.122,0.005,0.000,0
20260703_202909,case01_baseline_boxes,6,294.5,1.000,2.010,677.303,-1.436,736.290,-2.860,0.014,0.221,10.325,-1.921,-0.043,0.130,1.924,0.075,-0.043,0.337,0.011,-88.377,-0.040,0.066,1.773,0.001,0.030,0.002,0.008,0.004,0.013,8.296,0.230,1.000,0.000,1,1,1,1,-0.004,-0.002,0.123,0.088,-0.004,0.001,-0.003,-0.003,0.123,0.004,0.000,0
20260703_202909,case01_baseline_boxes,6,294.5,1.000,2.141,676.908,-1.435,736.320,-3.128,0.007,0.241,11.294,-2.684,-0.074,0.194,2.689,0.107,-0.073,0.326,0.027,-88.150,-0.116,0.168,2.269,0.002,0.030,0.003,0.010,0.003,0.009,7.597,0.212,1.000,0.000,1,1,1,1,-0.004,-0.002,0.124,0.088,-0.003,0.002,-0.003,-0.003,0.124,0.003,0.000,0
20260703_202909,case01_baseline_boxes,6,294.5,1.000,2.242,676.585,-1.435,736.345,-3.319,0.003,0.255,11.985,-1.913,-0.041,0.144,1.917,0.076,-0.040,0.313,0.042,-87.977,-0.129,0.149,1.733,0.003,0.030,0.002,0.006,0.000,0.000,7.070,0.198,1.000,0.000,1,1,1,1,-0.003,-0.002,0.125,0.088,-0.001,0.003,-0.003,-0.003,0.125,0.003,0.000,0
20260703_202909,case01_baseline_boxes,6,294.5,1.000,2.345,676.232,-1.434,736.372,-3.510,0.000,0.270,12.673,-1.908,-0.027,0.149,1.912,0.076,-0.026,0.297,0.056,-87.799,-0.163,0.141,1.783,0.003,0.030,0.002,0.004,-0.001,-0.005,6.723,0.185,1.000,0.000,1,1,1,1,-0.003,-0.002,0.125,0.087,-0.002,0.001,-0.003,-0.003,0.125,0.003,0.000,0
20260703_202909,case01_baseline_boxes,6,294.5,1.000,2.449,675.856,-1.435,736.401,-3.700,-0.002,0.285,13.360,-1.902,-0.016,0.148,1.907,0.069,-0.014,0.278,0.067,-87.621,-0.189,0.107,1.777,0.003,0.030,0.001,0.003,-0.004,-0.007,6.262,0.176,1.000,0.000,1,1,1,1,-0.003,-0.002,0.126,0.087,-0.002,0.002,-0.003,-0.003,0.126,0.003,0.000,0
20260703_202909,case01_baseline_boxes,6,294.5,1.000,2.553,675.461,-1.435,736.432,-3.909,-0.003,0.302,14.113,-2.083,-0.010,0.171,2.089,0.078,-0.008,0.257,0.073,-87.446,-0.206,0.064,1.751,0.004,0.029,0.001,0.002,-0.005,-0.008,5.780,0.160,1.000,0.000,1,1,1,1,-0.003,-0.002,0.126,0.087,-0.001,0.002,-0.003,-0.003,0.126,0.003,0.000,0
20260703_202909,case01_baseline_boxes,6,294.5,1.000,2.662,675.026,-1.435,736.465,-4.116,-0.003,0.317,14.862,-2.077,-0.007,0.150,2.081,0.051,-0.005,0.234,0.076,-87.269,-0.226,0.020,1.772,0.004,0.028,0.000,0.001,-0.012,-0.007,5.219,0.148,1.000,0.000,1,1,1,1,-0.003,-0.002,0.126,0.087,0.000,0.002,-0.003,-0.003,0.126,0.003,0.000,0
20260703_202909,case01_baseline_boxes,6,294.5,1.000,2.765,674.589,-1.435,736.499,-4.304,-0.004,0.333,15.540,-1.874,-0.006,0.161,1.880,0.066,-0.004,0.213,0.074,-87.105,-0.219,-0.016,1.639,0.004,0.027,-0.001,0.000,-0.007,-0.005,4.862,0.139,1.000,0.000,1,1,1,1,-0.003,-0.002,0.126,0.087,0.000,0.002,-0.003,-0.003,0.126,0.003,0.000,0
20260703_202909,case01_baseline_boxes,6,294.5,1.000,2.869,674.132,-1.436,736.534,-4.490,-0.004,0.351,16.213,-1.862,-0.004,0.175,1.869,0.075,-0.002,0.191,0.070,-86.944,-0.217,-0.038,1.603,0.004,0.027,-0.001,-0.001,-0.006,-0.003,4.537,0.130,1.000,0.000,1,1,1,1,-0.003,-0.002,0.126,0.086,0.000,0.001,-0.003,-0.004,0.126,0.004,0.000,0
20260703_202909,case01_baseline_boxes,6,294.5,1.000,2.973,673.655,-1.436,736.572,-4.693,-0.005,0.370,16.949,-2.036,-0.002,0.198,2.044,0.083,0.000,0.170,0.065,-86.788,-0.208,-0.049,1.560,0.003,0.026,-0.001,-0.002,-0.008,-0.001,4.037,0.116,1.000,0.000,1,1,1,1,-0.003,-0.002,0.125,0.086,0.002,0.004,-0.004,-0.004,0.125,0.004,0.000,0
20260703_202909,case01_baseline_boxes,6,294.5,1.000,3.081,673.137,-1.437,736.613,-4.896,-0.004,0.390,17.681,-2.024,0.002,0.201,2.033,0.082,0.004,0.150,0.060,-86.631,-0.201,-0.049,1.578,0.003,0.025,-0.001,-0.003,-0.009,0.001,3.746,0.108,1.000,0.000,1,1,1,1,-0.003,-0.002,0.125,0.086,0.002,0.003,-0.004,-0.004,0.125,0.004,0.000,0
20260703_202909,case01_baseline_boxes,6,294.5,1.000,3.190,672.596,-1.437,736.657,-5.101,-0.002,0.411,18.424,-2.053,0.025,0.203,2.061,0.076,0.027,0.132,0.056,-86.478,-0.182,-0.041,1.528,0.003,0.024,-0.001,-0.003,-0.012,0.003,3.478,0.101,1.000,0.000,1,1,1,1,0.001,0.013,0.172,0.340,0.002,0.003,-0.004,-0.004,0.340,0.004,0.000,0
20260703_202909,case01_baseline_boxes,6,294.5,1.000,3.302,672.017,-1.437,736.704,-5.327,-0.002,0.435,19.243,-2.263,0.001,0.243,2.274,0.098,0.002,0.116,0.053,-86.326,-0.162,-0.032,1.521,0.002,0.023,0.000,-0.004,-0.010,0.004,3.200,0.093,1.000,0.000,1,1,1,1,0.011,0.294,0.334,0.464,0.002,0.003,-0.004,-0.004,0.464,0.004,0.000,0
20260703_202909,case01_baseline_boxes,6,294.5,1.000,3.410,671.435,-1.438,736.751,-5.464,-0.002,0.451,19.736,-1.362,0.002,0.158,1.370,0.067,0.003,0.103,0.052,-86.184,-0.129,-0.013,1.415,0.002,0.023,0.000,-0.005,0.002,-0.001,2.814,0.082,1.000,0.000,1,1,1,1,0.001,0.287,0.308,-0.461,0.002,0.003,-0.003,-0.003,0.461,0.003,0.000,0
20260703_202909,case01_baseline_boxes,6,294.5,1.000,3.513,670.858,-1.438,736.799,-5.618,-0.001,0.467,20.294,-1.542,0.006,0.166,1.550,0.060,0.007,0.093,0.052,-86.056,-0.096,0.004,1.279,0.001,0.022,0.000,-0.005,-0.011,-0.001,2.585,0.076,0.977,0.000,1,1,1,1,-0.016,-0.484,-0.056,-0.288,0.002,0.002,-0.003,-0.003,0.484,0.003,0.000,0
20260703_202909,case01_baseline_boxes,6,294.5,1.000,3.621,670.236,-1.438,736.851,-5.900,0.000,0.496,21.315,-2.822,0.008,0.288,2.835,0.087,0.011,0.086,0.053,-85.928,-0.069,0.012,1.279,0.001,0.019,0.001,-0.004,-0.026,0.009,2.374,0.067,0.958,0.000,1,1,1,1,0.000,0.355,0.269,0.252,0.002,0.003,-0.004,-0.004,0.355,0.004,0.000,0
20260703_202909,case01_baseline_boxes,6,294.5,1.000,3.729,669.595,-1.438,736.905,-6.017,0.000,0.511,21.738,-1.166,0.006,0.143,1.173,0.058,0.007,0.082,0.055,-85.808,-0.039,0.015,1.203,0.000,0.019,0.000,-0.005,0.002,-0.004,2.074,0.062,0.931,0.000,1,1,1,1,0.000,0.363,0.268,-0.435,0.002,0.003,-0.003,-0.003,0.435,0.003,0.000,0
20260703_202909,case01_baseline_boxes,6,294.5,1.000,3.830,668.981,-1.438,736.958,-6.204,0.001,0.530,22.414,-1.868,0.004,0.197,1.878,0.057,0.006,0.081,0.056,-85.703,-0.009,0.011,1.050,0.000,0.018,0.000,-0.004,-0.020,0.002,1.808,0.057,0.915,0.000,1,1,1,1,0.011,0.361,0.250,0.545,0.005,0.006,-0.004,-0.004,0.545,0.006,0.000,0
20260703_202909,case01_baseline_boxes,6,294.5,1.000,3.933,668.332,-1.438,737.013,-6.309,0.001,0.542,22.797,-1.058,0.002,0.116,1.064,0.034,0.003,0.083,0.057,-85.604,0.016,0.007,0.995,-0.001,0.017,0.000,-0.006,-0.005,-0.006,1.559,0.047,0.876,0.000,1,1,1,1,-0.012,-0.354,-0.013,-0.360,0.003,0.003,-0.003,-0.003,0.360,0.003,0.000,0
20260703_202909,case01_baseline_boxes,6,294.5,1.000,4.034,667.688,-1.438,737.069,-6.504,0.001,0.562,23.503,-1.951,0.000,0.204,1.961,0.050,0.002,0.087,0.057,-85.514,0.039,0.000,0.891,-0.001,0.015,0.000,-0.003,-0.023,0.003,1.446,0.043,0.860,0.000,1,1,1,1,-0.003,-0.336,-0.003,0.442,0.003,0.004,-0.004,-0.004,0.442,0.004,0.000,0
20260703_202909,case01_baseline_boxes,6,294.5,1.000,4.141,666.977,-1.438,737.130,-6.696,0.001,0.584,24.197,-1.915,-0.001,0.214,1.926,0.061,0.001,0.093,0.056,-85.425,0.064,-0.006,0.890,-0.001,0.013,0.000,-0.003,-0.014,0.002,1.258,0.038,0.843,0.000,1,1,1,1,0.008,0.330,0.208,0.477,0.004,0.004,-0.004,-0.004,0.477,0.004,0.000,0
20260703_202909,case01_baseline_boxes,6,294.5,1.000,4.246,666.273,-1.437,737.192,-6.814,0.001,0.598,24.624,-1.178,-0.002,0.147,1.186,0.051,0.000,0.101,0.055,-85.346,0.080,-0.010,0.797,-0.001,0.013,0.000,-0.003,-0.002,-0.003,1.162,0.033,0.817,0.000,1,1,1,1,0.000,0.315,0.195,-0.142,0.002,0.002,-0.003,-0.003,0.315,0.003,0.000,0
20260703_202909,case01_baseline_boxes,6,294.5,1.000,4.349,665.562,-1.437,737.254,-6.953,0.001,0.614,25.129,-1.396,-0.001,0.161,1.404,0.045,0.000,0.111,0.053,-85.272,0.093,-0.015,0.737,-0.002,0.012,0.000,-0.002,-0.011,0.000,1.009,0.031,0.798,0.000,1,1,1,1,0.000,0.304,0.177,-0.092,0.003,0.003,-0.003,-0.003,0.304,0.003,0.000,0
20260703_202909,case01_baseline_boxes,6,294.5,1.000,4.450,664.858,-1.437,737.317,-7.089,0.001,0.630,25.622,-1.359,0.000,0.159,1.367,0.045,0.001,0.121,0.052,-85.206,0.103,-0.017,0.665,-0.002,0.011,0.000,-0.001,-0.010,0.000,0.920,0.026,0.779,0.000,1,1,1,1,0.000,0.294,0.164,-0.027,0.003,0.003,-0.003,-0.003,0.294,0.003,0.000,0
20260703_202909,case01_baseline_boxes,6,294.5,1.000,4.562,664.056,-1.437,737.388,-7.257,0.001,0.649,26.230,-1.680,0.001,0.190,1.690,0.047,0.002,0.133,0.050,-85.137,0.121,-0.020,0.686,-0.002,0.009,0.000,-0.001,-0.015,0.002,0.781,0.022,0.759,0.000,1,1,1,1,0.002,0.281,0.132,0.201,0.003,0.003,-0.003,-0.003,0.281,0.003,0.000,0
20260703_202909,case01_baseline_boxes,6,294.5,1.000,4.674,663.241,-1.437,737.461,-7.343,0.001,0.660,26.541,-0.858,0.001,0.109,0.865,0.035,0.002,0.145,0.048,-85.074,0.124,-0.017,0.626,-0.002,0.010,0.000,-0.001,0.003,-0.004,0.659,0.020,0.734,0.000,1,1,1,1,-0.006,-0.268,0.046,-0.024,0.002,0.002,-0.002,-0.002,0.268,0.002,0.000,0
20260703_202909,case01_baseline_boxes,6,294.5,1.000,4.786,662.409,-1.437,737.536,-7.520,0.001,0.679,27.182,-1.769,0.002,0.192,1.779,0.038,0.003,0.158,0.047,-85.017,0.125,-0.016,0.575,-0.002,0.008,0.000,0.001,-0.021,0.005,0.550,0.017,0.722,0.000,1,1,1,1,0.004,0.257,0.137,0.356,0.004,0.004,-0.003,-0.003,0.356,0.004,0.000,0
20260703_202909,case01_baseline_boxes,6,294.5,1.000,4.890,661.624,-1.437,737.607,-7.631,0.001,0.692,27.584,-1.110,0.001,0.126,1.117,0.028,0.002,0.169,0.045,-84.968,0.112,-0.011,0.485,-0.002,0.007,0.000,0.001,-0.007,0.000,0.455,0.014,0.706,0.000,1,1,1,1,0.004,0.247,0.134,0.361,0.004,0.004,-0.003,-0.003,0.361,0.004,0.000,0
20260703_202909,case01_baseline_boxes,6,294.5,1.000,5.001,660.767,-1.437,737.685,-7.758,0.001,0.706,28.044,-1.270,0.001,0.143,1.278,0.030,0.002,0.180,0.044,-84.921,0.113,-0.010,0.476,-0.002,0.006,0.000,0.002,-0.008,0.000,0.369,0.011,0.686,0.000,1,1,1,1,0.002,0.229,0.124,0.217,0.004,0.004,-0.003,-0.003,0.229,0.004,0.000,0
20260703_202909,case01_baseline_boxes,6,294.5,1.000,5.106,659.956,-1.437,737.759,-7.858,0.001,0.717,28.405,-0.998,0.000,0.111,1.003,0.021,0.001,0.190,0.044,-84.881,0.096,-0.005,0.397,-0.001,0.006,0.000,0.002,-0.005,0.000,0.317,0.010,0.673,0.000,1,1,1,1,0.004,0.216,0.118,0.409,0.004,0.004,-0.003,-0.003,0.409,0.004,0.000,0
20260703_202909,case01_baseline_boxes,6,294.5,1.000,5.217,659.076,-1.437,737.839,-7.908,0.001,0.724,28.589,-0.508,-0.001,0.065,0.511,0.019,-0.001,0.199,0.043,-84.843,0.091,-0.005,0.385,-0.001,0.007,0.000,0.001,0.010,-0.005,0.248,0.008,0.648,0.000,1,1,1,1,-0.007,-0.199,0.054,-0.296,0.002,0.002,-0.002,-0.002,0.296,0.002,0.000,0
20260703_202909,case01_baseline_boxes,6,294.5,1.000,5.322,658.241,-1.437,737.916,-8.077,0.001,0.742,29.200,-1.686,-0.001,0.176,1.695,0.023,0.000,0.206,0.043,-84.810,0.072,-0.004,0.324,-0.001,0.004,0.000,0.003,-0.023,0.005,0.192,0.006,0.639,0.000,1,1,1,1,0.002,0.178,0.107,0.256,0.003,0.003,-0.003,-0.003,0.256,0.003,0.000,0
20260703_202909,case01_baseline_boxes,6,294.5,1.000,5.426,657.398,-1.437,737.993,-8.163,0.001,0.751,29.510,-0.858,-0.002,0.094,0.863,0.016,-0.001,0.212,0.043,-84.781,0.058,-0.003,0.291,-0.001,0.004,0.000,0.002,-0.003,-0.001,0.148,0.004,0.628,0.000,1,1,1,1,0.004,0.156,0.103,0.410,0.004,0.004,-0.003,-0.003,0.410,0.004,0.000,0
20260703_202909,case01_baseline_boxes,6,294.5,1.000,5.537,656.483,-1.437,738.077,-8.212,0.000,0.757,29.690,-0.496,-0.003,0.061,0.500,0.015,-0.002,0.217,0.042,-84.753,0.048,-0.004,0.283,-0.001,0.005,0.000,0.002,0.009,-0.005,0.106,0.003,0.605,0.000,1,1,1,1,-0.006,-0.120,0.058,-0.281,0.002,0.002,-0.002,-0.002,0.281,0.002,0.000,0
20260703_202909,case01_baseline_boxes,6,294.5,1.000,5.642,655.620,-1.436,738.157,-8.359,0.000,0.772,30.219,-1.462,-0.002,0.152,1.469,0.017,-0.001,0.220,0.042,-84.729,0.030,-0.005,0.237,0.000,0.003,0.000,0.003,-0.018,0.004,0.067,0.002,0.597,0.000,1,1,1,1,0.001,0.065,0.094,0.297,0.003,0.003,-0.002,-0.002,0.297,0.003,0.000,0
20260703_202909,case01_baseline_boxes,6,294.5,1.000,5.753,654.684,-1.436,738.244,-8.413,0.000,0.779,30.418,-0.547,-0.003,0.063,0.551,0.013,-0.002,0.222,0.041,-84.706,0.018,-0.005,0.227,0.000,0.004,0.000,0.002,0.006,-0.004,0.037,0.001,0.580,0.000,1,1,1,1,-0.005,-0.023,0.060,-0.162,0.002,0.002,-0.002,-0.002,0.162,0.002,0.000,0
20260703_202909,case01_baseline_boxes,6,294.5,1.000,5.857,653.803,-1.437,738.325,-8.486,0.000,0.786,30.680,-0.726,-0.002,0.079,0.730,0.011,-0.001,0.222,0.041,-84.687,0.003,-0.006,0.192,0.000,0.004,0.000,0.002,-0.001,-0.001,0.005,0.000,0.567,0.000,1,1,1,1,-0.004,-0.015,0.061,-0.262,0.002,0.002,-0.002,-0.002,0.262,0.002,0.000,0
20260703_202909,case01_baseline_boxes,6,294.5,1.000,5.969,652.845,-1.437,738.414,-8.612,0.000,0.800,31.137,-1.263,-0.001,0.132,1.269,0.014,-0.001,0.221,0.040,-84.669,-0.010,-0.006,0.184,0.000,0.002,0.000,0.003,-0.014,0.003,-0.014,-0.001,0.560,0.000,1,1,1,1,0.001,0.013,0.085,0.325,0.003,0.003,-0.002,-0.002,0.325,0.003,0.000,0
20260703_202909,case01_baseline_boxes,6,294.5,1.000,6.074,651.945,-1.437,738.498,-8.658,-0.001,0.805,31.302,-0.454,-0.002,0.055,0.457,0.012,-0.001,0.219,0.039,-84.653,-0.020,-0.007,0.158,0.000,0.003,0.000,0.001,0.007,-0.003,-0.031,-0.001,0.544,0.000,1,1,1,1,-0.004,-0.014,0.058,-0.203,0.002,0.002,-0.002,-0.002,0.203,0.002,0.000,0
20260703_202909,case01_baseline_boxes,6,294.5,1.000,6.181,651.005,-1.437,738.585,-8.771,-0.001,0.817,31.713,-1.135,-0.001,0.121,1.141,0.014,0.000,0.216,0.039,-84.638,-0.030,-0.007,0.150,0.001,0.002,0.000,0.002,-0.011,0.003,-0.045,-0.002,0.537,0.000,1,1,1,1,0.002,0.012,0.081,0.353,0.003,0.003,-0.002,-0.002,0.353,0.003,0.000,0
20260703_202909,case01_baseline_boxes,6,294.5,1.000,6.294,650.020,-1.437,738.677,-8.811,-0.001,0.822,31.856,-0.395,-0.001,0.049,0.398,0.012,-0.001,0.212,0.038,-84.624,-0.040,-0.006,0.140,0.001,0.003,0.000,0.000,0.008,-0.003,-0.054,-0.002,0.521,0.000,1,1,1,1,-0.004,-0.012,0.057,-0.228,0.002,0.002,-0.001,-0.001,0.228,0.002,0.000,0
20260703_202909,case01_baseline_boxes,6,294.5,1.000,6.405,649.030,-1.437,738.770,-8.920,-0.001,0.834,32.254,-1.099,0.000,0.119,1.105,0.015,0.001,0.207,0.037,-84.611,-0.046,-0.006,0.131,0.001,0.001,0.000,0.001,-0.011,0.003,-0.066,-0.002,0.516,0.000,1,1,1,1,0.002,0.010,0.078,0.338,0.003,0.003,-0.002,-0.002,0.338,0.003,0.000,0
20260703_202909,case01_baseline_boxes,6,294.5,1.000,6.509,648.099,-1.437,738.857,-8.984,-0.001,0.841,32.486,-0.640,0.000,0.073,0.644,0.012,0.000,0.203,0.037,-84.600,-0.046,-0.005,0.112,0.001,0.001,0.000,0.000,-0.001,0.000,-0.074,-0.002,0.506,0.000,1,1,1,1,0.002,0.010,0.076,0.336,0.003,0.003,-0.002,-0.002,0.336,0.003,0.000,0
20260703_202909,case01_baseline_boxes,6,294.5,1.000,6.617,647.126,-1.437,738.948,-9.016,-0.001,0.845,32.601,-0.318,0.000,0.041,0.320,0.011,0.000,0.198,0.036,-84.589,-0.049,-0.005,0.111,0.001,0.002,0.000,0.000,0.008,-0.003,-0.081,-0.003,0.491,0.000,1,1,1,1,-0.004,-0.010,0.055,-0.226,0.002,0.002,-0.001,-0.001,0.226,0.002,0.000,0
20260703_202909,case01_baseline_boxes,6,294.5,1.000,6.729,646.111,-1.437,739.043,-9.118,-0.001,0.857,32.969,-1.015,0.001,0.111,1.021,0.015,0.001,0.193,0.036,-84.578,-0.052,-0.004,0.103,0.001,0.001,0.000,0.001,-0.011,0.003,-0.085,-0.003,0.487,0.000,1,1,1,1,0.002,0.009,0.073,0.330,0.002,0.002,-0.002,-0.002,0.330,0.002,0.000,0
20260703_202909,case01_baseline_boxes,6,294.5,1.000,6.830,645.197,-1.437,739.129,-9.175,-0.001,0.863,33.176,-0.573,0.000,0.066,0.577,0.012,0.001,0.188,0.035,-84.570,-0.045,-0.004,0.088,0.001,0.001,0.000,0.000,-0.001,0.000,-0.092,-0.003,0.479,0.000,1,1,1,1,0.002,0.009,0.072,0.327,0.002,0.002,-0.002,-0.002,0.327,0.002,0.000,0
20260703_202909,case01_baseline_boxes,6,294.5,1.000,6.930,644.277,-1.437,739.216,-9.230,-0.001,0.870,33.377,-0.554,0.000,0.064,0.558,0.011,0.001,0.184,0.035,-84.561,-0.043,-0.004,0.082,0.001,0.001,0.000,-0.001,-0.001,0.000,-0.094,-0.003,0.471,0.000,1,1,1,1,0.002,0.009,0.071,0.325,0.002,0.002,-0.002,-0.002,0.325,0.002,0.000,0
20260703_202909,case01_baseline_boxes,6,294.5,1.000,7.030,643.351,-1.437,739.303,-9.284,-0.001,0.876,33.571,-0.535,0.001,0.063,0.538,0.012,0.001,0.180,0.035,-84.554,-0.039,-0.003,0.077,0.001,0.001,0.000,-0.001,-0.001,0.000,-0.094,-0.003,0.463,0.000,1,1,1,1,0.002,0.008,0.069,0.322,0.002,0.002,-0.002,-0.002,0.322,0.002,0.000,0
20260703_202909,case01_baseline_boxes,6,294.5,1.000,7.134,642.385,-1.437,739.394,-9.305,-0.001,0.879,33.648,-0.213,0.000,0.032,0.215,0.012,0.000,0.176,0.034,-84.546,-0.036,-0.004,0.077,0.001,0.002,0.000,-0.001,0.009,-0.003,-0.098,-0.003,0.449,0.000,1,1,1,1,-0.004,-0.009,0.052,-0.225,0.001,0.001,-0.001,-0.001,0.225,0.001,0.000,0
20260703_202909,case01_baseline_boxes,6,294.5,1.000,7.246,641.339,-1.437,739.493,-9.395,0.000,0.889,33.975,-0.901,0.001,0.100,0.907,0.014,0.001,0.173,0.034,-84.538,-0.032,-0.004,0.078,0.000,0.001,0.000,0.000,-0.010,0.003,-0.103,-0.003,0.447,0.000,1,1,1,1,0.002,0.008,0.067,0.316,0.002,0.002,-0.002,-0.002,0.316,0.002,0.000,0
20260703_202909,case01_baseline_boxes,6,294.5,1.000,7.353,640.325,-1.437,739.589,-9.413,0.000,0.892,34.038,-0.175,0.001,0.028,0.176,0.011,0.001,0.171,0.034,-84.531,-0.024,-0.004,0.070,0.000,0.002,0.000,-0.002,0.009,-0.003,-0.107,-0.004,0.434,0.000,1,1,1,1,-0.003,-0.008,0.050,-0.225,0.001,0.001,-0.001,-0.001,0.225,0.001,0.000,0
20260703_202909,case01_baseline_boxes,6,294.5,1.000,7.454,639.377,-1.437,739.679,-9.459,0.000,0.897,34.206,-0.463,0.001,0.054,0.466,0.010,0.001,0.169,0.033,-84.525,-0.017,-0.003,0.061,0.000,0.002,0.000,-0.001,-0.001,0.000,-0.110,-0.004,0.427,0.000,1,1,1,1,-0.003,-0.008,0.049,-0.224,0.001,0.001,-0.001,-0.001,0.224,0.001,0.000,0
20260703_202909,case01_baseline_boxes,6,294.5,1.000,7.562,638.350,-1.437,739.777,-9.543,0.000,0.907,34.510,-0.839,0.001,0.093,0.844,0.012,0.002,0.168,0.033,-84.519,-0.012,-0.004,0.063,0.000,0.000,0.000,-0.001,-0.010,0.003,-0.112,-0.004,0.425,0.000,1,1,1,1,0.002,0.007,0.064,0.308,0.002,0.002,-0.002,-0.002,0.308,0.002,0.000,0
20260703_202909,case01_baseline_boxes,6,294.5,1.000,7.670,637.320,-1.438,739.875,-9.586,0.000,0.912,34.665,-0.429,0.001,0.051,0.432,0.010,0.001,0.167,0.033,-84.513,-0.004,-0.003,0.056,0.000,0.000,0.000,-0.001,-0.001,0.000,-0.114,-0.004,0.419,0.000,1,1,1,1,0.002,0.007,0.063,0.306,0.002,0.002,-0.002,-0.002,0.306,0.002,0.000,0
20260703_202909,case01_baseline_boxes,6,294.5,1.000,7.778,636.285,-1.438,739.973,-9.597,0.000,0.913,34.706,-0.110,0.001,0.018,0.111,0.008,0.001,0.168,0.032,-84.508,0.002,-0.004,0.055,0.000,0.001,0.000,-0.002,0.009,-0.003,-0.121,-0.004,0.407,0.000,1,1,1,1,-0.003,-0.008,0.048,-0.223,0.001,0.001,-0.001,-0.001,0.223,0.001,0.000,0
20260703_202909,case01_baseline_boxes,6,294.5,1.000,7.885,635.245,-1.438,740.072,-9.675,0.000,0.922,34.989,-0.784,0.001,0.085,0.788,0.010,0.001,0.168,0.032,-84.503,0.007,-0.003,0.049,0.000,0.000,0.000,0.000,-0.010,0.003,-0.124,-0.004,0.406,0.000,1,1,1,1,0.002,0.007,0.061,0.301,0.002,0.002,-0.001,-0.001,0.301,0.002,0.000,0
20260703_202909,case01_baseline_boxes,6,294.5,1.000,7.994,634.199,-1.438,740.172,-9.684,0.000,0.923,35.019,-0.081,0.000,0.015,0.082,0.007,0.000,0.170,0.032,-84.498,0.013,-0.003,0.045,0.000,0.001,0.000,-0.001,0.009,-0.003,-0.130,-0.004,0.395,0.000,1,1,1,1,-0.003,-0.007,0.046,-0.221,0.001,0.001,-0.001,-0.001,0.221,0.001,0.000,0
20260703_202909,case01_baseline_boxes,6,294.5,1.000,8.094,633.225,-1.437,740.265,-9.721,0.000,0.928,35.153,-0.372,0.001,0.042,0.374,0.007,0.001,0.171,0.032,-84.495,0.015,-0.002,0.038,0.000,0.001,0.000,-0.001,-0.001,0.000,-0.129,-0.004,0.389,0.000,1,1,1,1,-0.003,-0.007,0.046,-0.220,0.001,0.001,-0.001,-0.001,0.220,0.001,0.000,0
20260703_202909,case01_baseline_boxes,6,294.5,1.000,8.197,632.215,-1.437,740.361,-9.757,0.000,0.932,35.284,-0.359,0.000,0.040,0.362,0.005,0.001,0.173,0.031,-84.491,0.020,-0.003,0.037,0.000,0.001,0.000,-0.001,-0.001,0.000,-0.133,-0.004,0.384,0.000,1,1,1,1,-0.003,-0.007,0.045,-0.220,0.001,0.001,-0.001,-0.001,0.220,0.001,0.000,0
20260703_202909,case01_baseline_boxes,6,294.5,1.000,8.297,631.235,-1.437,740.455,-9.791,0.000,0.936,35.409,-0.347,0.000,0.039,0.349,0.005,0.000,0.175,0.031,-84.488,0.021,-0.003,0.031,0.000,0.001,0.000,0.000,-0.001,0.000,-0.133,-0.004,0.379,0.000,1,1,1,1,-0.003,-0.007,0.045,-0.219,0.001,0.001,-0.001,-0.001,0.219,0.001,0.000,0
20260703_202909,case01_baseline_boxes,6,294.5,1.000,8.405,630.174,-1.437,740.556,-9.862,0.000,0.943,35.664,-0.703,0.001,0.074,0.707,0.006,0.001,0.178,0.031,-84.485,0.025,-0.002,0.029,0.000,0.000,0.000,0.000,-0.010,0.003,-0.137,-0.005,0.379,0.000,1,1,1,1,0.002,0.006,0.057,0.289,0.002,0.002,-0.001,-0.001,0.289,0.002,0.000,0
20260703_202909,case01_baseline_boxes,6,294.5,1.000,8.510,629.144,-1.437,740.655,-9.894,0.000,0.946,35.780,-0.321,0.000,0.035,0.323,0.003,0.000,0.180,0.031,-84.482,0.024,-0.002,0.025,0.000,0.000,0.000,0.000,-0.001,0.000,-0.138,-0.005,0.374,0.000,1,1,1,1,0.002,0.006,0.056,0.287,0.002,0.002,-0.001,-0.001,0.287,0.002,0.000,0
20260703_202909,case01_baseline_boxes,6,294.5,1.000,8.610,628.154,-1.437,740.749,-9.925,0.000,0.950,35.893,-0.311,0.000,0.032,0.312,0.002,0.000,0.182,0.030,-84.480,0.024,-0.002,0.021,0.000,0.000,0.000,0.000,-0.001,0.000,-0.156,-0.005,0.370,0.000,1,1,1,1,0.002,0.006,0.056,0.285,0.002,0.002,-0.001,-0.001,0.285,0.002,0.000,0
20260703_202909,case01_baseline_boxes,6,294.5,1.000,8.722,627.044,-1.437,740.856,-9.961,0.000,0.953,36.022,-0.359,0.000,0.038,0.361,0.004,0.000,0.185,0.030,-84.478,0.027,-0.003,0.022,0.000,0.000,0.000,0.000,0.000,0.000,-0.147,-0.005,0.364,0.000,1,1,1,1,0.002,0.006,0.055,0.283,0.002,0.002,-0.001,-0.001,0.283,0.002,0.000,0
20260703_202909,case01_baseline_boxes,6,294.5,1.000,8.834,625.928,-1.437,740.962,-9.960,0.000,0.953,36.018,0.011,0.000,-0.001,-0.011,0.000,0.000,0.188,0.030,-84.476,0.025,-0.002,0.015,0.000,0.001,0.000,0.000,0.008,-0.003,-0.151,-0.005,0.355,0.000,1,1,1,1,-0.003,-0.006,0.042,-0.215,0.001,0.001,-0.001,-0.001,0.215,0.001,0.000,0
20260703_202909,case01_baseline_boxes,6,294.5,1.000,8.946,624.811,-1.437,741.069,-10.023,0.000,0.960,36.247,-0.632,0.000,0.063,0.635,0.002,0.000,0.190,0.030,-84.475,0.023,-0.002,0.013,0.000,0.000,0.000,0.001,-0.010,0.003,-0.154,-0.005,0.355,0.000,1,1,1,1,0.002,0.006,0.053,0.279,0.002,0.002,-0.001,-0.001,0.279,0.002,0.000,0
20260703_202909,case01_baseline_boxes,6,294.5,1.000,9.050,623.767,-1.437,741.169,-10.049,0.000,0.962,36.344,-0.267,0.000,0.025,0.268,-0.001,0.000,0.192,0.030,-84.474,0.019,-0.002,0.007,0.000,0.000,0.000,0.000,-0.001,0.000,-0.157,-0.005,0.351,0.000,1,1,1,1,0.002,0.006,0.053,0.277,0.002,0.002,-0.001,-0.001,0.277,0.002,0.000,0
20260703_202909,case01_baseline_boxes,6,294.5,1.000,9.154,622.722,-1.437,741.269,-10.046,0.000,0.961,36.329,0.039,-0.001,-0.007,-0.039,-0.003,-0.001,0.194,0.029,-84.474,0.017,-0.002,0.005,0.000,0.000,0.000,0.000,0.008,-0.003,-0.163,-0.005,0.343,0.000,1,1,1,1,-0.003,-0.006,0.041,-0.212,0.001,0.001,-0.001,-0.001,0.212,0.001,0.000,0
20260703_202909,case01_baseline_boxes,6,294.5,1.000,9.262,621.635,-1.437,741.373,-10.105,0.000,0.967,36.545,-0.595,0.000,0.057,0.598,0.000,0.000,0.195,0.029,-84.474,0.014,-0.002,0.002,0.000,0.000,0.000,0.001,-0.009,0.003,-0.165,-0.006,0.343,0.000,1,1,1,1,0.002,0.005,0.052,0.273,0.002,0.002,-0.001,-0.001,0.273,0.002,0.000,0
20260703_202909,case01_baseline_boxes,6,294.5,1.000,9.374,620.504,-1.437,741.482,-10.099,0.000,0.966,36.524,0.056,-0.001,-0.009,-0.057,-0.003,-0.001,0.196,0.029,-84.474,0.011,-0.002,-0.004,0.000,0.000,0.000,0.000,0.008,-0.003,-0.172,-0.006,0.335,0.000,1,1,1,1,-0.003,-0.006,0.040,-0.211,0.001,0.001,-0.001,-0.001,0.211,0.001,0.000,0
20260703_202909,case01_baseline_boxes,6,294.5,1.000,9.478,619.450,-1.437,741.583,-10.123,0.000,0.968,36.608,-0.232,0.000,0.019,0.233,-0.003,0.000,0.197,0.029,-84.475,0.007,-0.002,-0.005,0.000,0.000,0.000,0.000,-0.001,0.000,-0.171,-0.006,0.331,0.000,1,1,1,1,-0.003,-0.006,0.040,-0.210,0.001,0.001,-0.001,-0.001,0.210,0.001,0.000,0
20260703_202909,case01_baseline_boxes,6,294.5,1.000,9.581,618.398,-1.437,741.683,-10.179,0.000,0.973,36.811,-0.562,0.000,0.052,0.564,-0.002,0.000,0.197,0.029,-84.476,0.004,-0.002,-0.009,0.000,-0.001,0.000,0.001,-0.009,0.003,-0.177,-0.006,0.332,0.000,1,1,1,1,0.002,0.005,0.050,0.268,0.002,0.002,-0.001,-0.001,0.268,0.002,0.000,0
20260703_202909,case01_baseline_boxes,6,294.5,1.000,9.686,617.335,-1.437,741.785,-10.200,0.000,0.975,36.888,-0.214,0.000,0.016,0.215,-0.004,0.000,0.197,0.029,-84.477,0.003,-0.001,-0.013,0.000,-0.001,0.000,0.000,-0.001,0.000,-0.178,-0.006,0.329,0.000,1,1,1,1,0.002,0.005,0.050,0.266,0.002,0.002,-0.001,-0.001,0.266,0.002,0.000,0
20260703_202909,case01_baseline_boxes,6,294.5,1.000,9.797,616.197,-1.437,741.893,-10.192,0.000,0.974,36.857,0.086,-0.001,-0.014,-0.087,-0.006,-0.001,0.197,0.028,-84.478,-0.002,-0.002,-0.016,0.000,0.000,0.000,0.000,0.008,-0.003,-0.180,-0.006,0.321,0.000,1,1,1,1,-0.002,-0.005,0.039,-0.208,0.001,0.001,-0.001,-0.001,0.208,0.001,0.000,0
20260703_202909,case01_baseline_boxes,6,294.5,1.000,9.897,615.175,-1.437,741.991,-10.212,0.000,0.975,36.930,-0.200,0.000,0.015,0.201,-0.004,0.000,0.197,0.028,-84.480,-0.003,-0.002,-0.018,0.000,0.000,0.000,0.000,0.000,0.000,-0.181,-0.006,0.319,0.000,1,1,1,1,-0.002,-0.005,0.038,-0.207,0.001,0.001,-0.001,-0.001,0.207,0.001,0.000,0
20260703_202909,case01_baseline_boxes,6,294.5,1.000,10.001,614.111,-1.437,742.093,-10.264,0.000,0.980,37.119,-0.524,0.000,0.046,0.526,-0.004,0.000,0.196,0.028,-84.482,-0.005,-0.002,-0.020,0.000,-0.001,0.000,0.001,-0.009,0.003,-0.182,-0.006,0.320,0.000,1,1,1,1,0.002,0.005,0.048,0.262,0.002,0.002,-0.001,-0.001,0.262,0.002,0.000,0
20260703_202909,case01_baseline_boxes,6,294.5,1.000,10.101,613.084,-1.437,742.191,-10.283,0.000,0.981,37.186,-0.185,0.000,0.012,0.186,-0.005,0.000,0.196,0.028,-84.485,-0.006,-0.002,-0.022,0.000,-0.001,0.000,0.000,0.000,0.000,-0.186,-0.006,0.317,0.000,1,1,1,1,0.002,0.005,0.048,0.261,0.002,0.002,-0.001,-0.001,0.261,0.002,0.000,0
20260703_202909,case01_baseline_boxes,6,294.5,1.000,10.213,611.933,-1.437,742.300,-10.271,0.000,0.979,37.145,0.112,0.000,-0.019,-0.113,-0.008,0.000,0.195,0.028,-84.487,-0.010,-0.001,-0.030,0.000,0.000,0.000,0.000,0.008,-0.003,-0.189,-0.006,0.310,0.000,1,1,1,1,-0.002,-0.005,0.037,-0.205,0.001,0.001,-0.001,-0.001,0.205,0.001,0.000,0
20260703_202909,case01_baseline_boxes,6,294.5,1.000,10.321,610.822,-1.437,742.406,-10.321,0.000,0.984,37.325,-0.498,0.000,0.043,0.500,-0.005,0.000,0.194,0.028,-84.490,-0.010,-0.002,-0.029,0.000,-0.001,0.000,0.001,-0.009,0.003,-0.190,-0.006,0.311,0.000,1,1,1,1,0.002,0.005,0.047,0.258,0.002,0.002,-0.001,-0.001,0.258,0.002,0.000,0
20260703_202909,case01_baseline_boxes,6,294.5,1.000,10.421,609.790,-1.437,742.505,-10.338,0.000,0.984,37.385,-0.166,0.000,0.009,0.166,-0.007,0.000,0.193,0.028,-84.493,-0.009,-0.001,-0.030,0.000,-0.001,0.000,0.000,-0.001,0.000,-0.193,-0.006,0.309,0.000,1,1,1,1,0.002,0.005,0.047,0.257,0.002,0.002,-0.001,-0.001,0.257,0.002,0.000,0
20260703_202909,case01_baseline_boxes,6,294.5,1.000,10.534,608.631,-1.437,742.615,-10.325,0.000,0.982,37.338,0.129,0.000,-0.021,-0.131,-0.009,0.000,0.192,0.027,-84.497,-0.010,-0.001,-0.039,0.000,0.000,0.000,0.000,0.008,-0.003,-0.198,-0.007,0.302,0.000,1,1,1,1,-0.002,-0.005,0.037,-0.203,0.001,0.001,-0.001,-0.001,0.203,0.001,0.000,0
20260703_202909,case01_baseline_boxes,6,294.5,1.000,10.634,607.596,-1.437,742.713,-10.340,0.000,0.983,37.394,-0.155,0.000,0.008,0.155,-0.007,0.000,0.191,0.027,-84.501,-0.009,-0.001,-0.036,0.000,0.000,0.000,0.000,0.000,0.000,-0.195,-0.007,0.300,0.000,1,1,1,1,-0.002,-0.005,0.036,-0.202,0.001,0.001,-0.001,-0.001,0.202,0.001,0.000,0
20260703_202909,case01_baseline_boxes,6,294.5,1.000,10.742,606.476,-1.437,742.820,-10.387,0.000,0.987,37.563,-0.468,0.000,0.037,0.470,-0.008,0.001,0.190,0.027,-84.505,-0.008,-0.001,-0.040,0.000,-0.001,0.000,0.000,-0.009,0.003,-0.201,-0.007,0.302,0.000,1,1,1,1,0.002,0.005,0.046,0.253,0.002,0.002,-0.001,-0.001,0.253,0.002,0.000,0
20260703_202909,case01_baseline_boxes,6,294.5,1.000,10.849,605.357,-1.437,742.926,-10.402,0.000,0.987,37.614,-0.144,0.000,0.005,0.143,-0.009,0.000,0.190,0.027,-84.510,-0.008,-0.001,-0.046,0.000,-0.001,0.000,0.000,0.000,0.000,-0.202,-0.007,0.300,0.000,1,1,1,1,0.002,0.005,0.045,0.252,0.002,0.002,-0.001,-0.001,0.252,0.002,0.000,0
20260703_202909,case01_baseline_boxes,6,294.5,1.000,10.957,604.234,-1.437,743.032,-10.387,0.000,0.985,37.560,0.148,0.000,-0.025,-0.150,-0.011,0.000,0.189,0.027,-84.514,-0.007,-0.002,-0.046,0.000,0.000,0.000,-0.001,0.008,-0.003,-0.204,-0.007,0.293,0.000,1,1,1,1,-0.002,-0.005,0.036,-0.201,0.001,0.001,-0.001,-0.001,0.201,0.001,0.000,0
20260703_202909,case01_baseline_boxes,6,294.5,1.000,11.058,603.191,-1.437,743.131,-10.400,0.000,0.985,37.609,-0.135,0.000,0.003,0.135,-0.010,0.000,0.188,0.027,-84.519,-0.006,-0.001,-0.047,0.000,0.000,0.000,0.000,-0.001,0.000,-0.226,-0.007,0.291,0.000,1,1,1,1,-0.002,-0.005,0.035,-0.200,0.002,0.002,-0.001,-0.001,0.200,0.002,0.000,0
20260703_202909,case01_baseline_boxes,6,294.5,1.000,11.166,602.065,-1.437,743.238,-10.444,0.000,0.988,37.768,-0.442,0.000,0.033,0.443,-0.009,0.001,0.188,0.027,-84.524,-0.006,0.000,-0.054,0.000,-0.001,0.000,0.000,-0.009,0.003,-0.227,-0.007,0.293,0.000,1,1,1,1,0.002,0.004,0.044,0.249,0.002,0.002,-0.001,-0.001,0.249,0.002,0.000,0
20260703_202909,case01_baseline_boxes,6,294.5,1.000,11.270,600.978,-1.437,743.341,-10.457,0.000,0.989,37.813,-0.124,0.000,0.003,0.124,-0.009,0.000,0.187,0.027,-84.530,-0.004,0.000,-0.054,0.000,-0.001,0.000,0.000,0.000,0.000,-0.225,-0.008,0.292,0.000,1,1,1,1,0.002,0.004,0.044,0.248,0.002,0.002,-0.001,-0.001,0.248,0.002,0.000,0
20260703_202909,case01_baseline_boxes,6,294.5,1.000,11.377,599.855,-1.437,743.447,-10.440,0.000,0.986,37.753,0.165,0.000,-0.029,-0.167,-0.013,0.000,0.187,0.027,-84.535,-0.001,-0.002,-0.056,0.000,-0.001,0.000,-0.001,0.008,-0.003,-0.233,-0.007,0.285,0.000,1,1,1,1,-0.002,-0.005,0.035,-0.198,0.002,0.002,0.000,0.000,0.198,0.002,0.000,0
20260703_202909,case01_baseline_boxes,6,294.5,1.000,11.486,598.722,-1.437,743.554,-10.483,0.000,0.989,37.906,-0.424,0.001,0.028,0.425,-0.013,0.001,0.187,0.027,-84.541,0.002,-0.001,-0.062,0.000,-0.001,0.000,0.000,-0.009,0.003,-0.242,-0.007,0.288,0.000,1,1,1,1,0.002,0.004,0.044,0.246,0.002,0.002,-0.001,-0.001,0.246,0.002,0.000,0
20260703_202909,case01_baseline_boxes,6,294.5,1.000,11.594,597.590,-1.437,743.660,-10.466,0.000,0.986,37.843,0.172,0.000,-0.030,-0.174,-0.014,0.000,0.187,0.026,-84.548,0.000,-0.001,-0.065,0.000,-0.001,0.000,-0.001,0.008,-0.003,-0.244,-0.007,0.282,0.000,1,1,1,1,-0.002,-0.005,0.034,-0.197,0.002,0.002,0.000,0.000,0.197,0.002,0.000,0
20260703_202909,case01_baseline_boxes,6,294.5,1.000,11.702,596.460,-1.437,743.767,-10.507,0.000,0.988,37.992,-0.413,0.000,0.027,0.413,-0.012,0.001,0.187,0.026,-84.555,0.002,-0.001,-0.066,0.000,-0.002,0.000,0.000,-0.009,0.003,-0.244,-0.007,0.284,0.000,1,1,1,1,0.002,0.004,0.043,0.244,0.002,0.002,-0.001,-0.001,0.244,0.002,0.000,0
20260703_202909,case01_baseline_boxes,6,294.5,1.000,11.810,595.324,-1.437,743.873,-10.517,0.000,0.988,38.029,-0.103,0.000,-0.002,0.103,-0.012,0.000,0.188,0.026,-84.562,0.002,0.000,-0.072,0.000,-0.002,0.000,0.000,0.000,0.000,-0.244,-0.008,0.283,0.000,1,1,1,1,0.002,0.004,0.043,0.243,0.002,0.002,-0.001,-0.001,0.243,0.002,0.000,0
20260703_202909,case01_baseline_boxes,6,294.5,1.000,11.917,594.191,-1.437,743.979,-10.499,0.000,0.985,37.962,0.181,0.000,-0.032,-0.184,-0.015,0.000,0.188,0.026,-84.569,0.004,-0.002,-0.071,0.000,-0.001,0.000,-0.001,0.008,-0.002,-0.245,-0.007,0.277,0.000,1,1,1,1,-0.002,-0.005,0.034,-0.195,0.002,0.002,0.000,0.000,0.195,0.002,0.000,0
20260703_202909,case01_baseline_boxes,6,294.5,1.000,12.018,593.139,-1.437,744.078,-10.509,0.000,0.984,37.997,-0.097,0.000,-0.004,0.096,-0.013,0.000,0.189,0.026,-84.576,0.004,0.000,-0.069,0.000,-0.001,0.000,0.000,0.000,0.000,-0.245,-0.008,0.276,0.000,1,1,1,1,-0.002,-0.005,0.034,-0.195,0.001,0.001,0.000,0.000,0.195,0.001,0.000,0
20260703_202909,case01_baseline_boxes,6,294.5,1.000,12.122,592.042,-1.437,744.181,-10.548,0.000,0.987,38.139,-0.393,0.000,0.023,0.393,-0.015,0.001,0.189,0.026,-84.583,0.005,-0.001,-0.074,0.000,-0.002,0.000,0.000,-0.009,0.003,-0.249,-0.008,0.278,0.000,1,1,1,1,0.001,0.004,0.042,0.240,0.002,0.002,-0.001,-0.001,0.240,0.002,0.000,0
20260703_202909,case01_baseline_boxes,6,294.5,1.000,12.225,590.950,-1.437,744.283,-10.557,0.000,0.986,38.171,-0.090,0.000,-0.007,0.089,-0.015,0.000,0.190,0.026,-84.591,0.006,0.000,-0.077,0.000,-0.002,0.000,0.000,-0.001,0.000,-0.252,-0.008,0.277,0.000,1,1,1,1,0.001,0.004,0.042,0.239,0.002,0.002,-0.001,-0.001,0.239,0.002,0.000,0
20260703_202909,case01_baseline_boxes,6,294.5,1.000,12.325,589.895,-1.437,744.381,-10.566,0.000,0.985,38.201,-0.087,0.000,-0.007,0.085,-0.015,0.000,0.190,0.026,-84.599,0.005,-0.001,-0.078,0.000,-0.002,0.000,0.000,0.000,0.000,-0.250,-0.008,0.276,0.000,1,1,1,1,0.001,0.004,0.042,0.238,0.002,0.002,-0.001,-0.001,0.238,0.002,0.000,0
20260703_202909,case01_baseline_boxes,6,294.5,1.000,12.426,588.836,-1.437,744.480,-10.574,0.000,0.985,38.231,-0.084,0.000,-0.008,0.083,-0.015,0.000,0.191,0.026,-84.607,0.005,0.000,-0.080,0.000,-0.002,0.000,0.000,0.000,0.000,-0.249,-0.008,0.274,0.000,1,1,1,1,0.001,0.004,0.042,0.238,0.002,0.002,-0.001,-0.001,0.238,0.002,0.000,0
20260703_202909,case01_baseline_boxes,6,294.5,1.000,12.533,587.700,-1.437,744.586,-10.554,0.000,0.981,38.159,0.197,0.000,-0.038,-0.200,-0.020,0.000,0.191,0.026,-84.616,0.008,0.000,-0.089,0.000,-0.001,0.000,0.000,0.007,-0.003,-0.253,-0.008,0.269,0.000,1,1,1,1,-0.002,-0.004,0.033,-0.192,0.001,0.001,0.000,0.000,0.192,0.001,0.000,0
20260703_202909,case01_baseline_boxes,6,294.5,1.000,12.633,586.642,-1.437,744.684,-10.562,0.000,0.980,38.187,-0.079,0.000,-0.010,0.078,-0.018,0.000,0.192,0.026,-84.624,0.007,-0.001,-0.085,0.000,-0.001,0.000,0.000,-0.001,0.000,-0.254,-0.009,0.268,0.000,1,1,1,1,-0.002,-0.004,0.033,-0.192,0.001,0.001,0.000,0.000,0.192,0.001,0.000,0
20260703_202909,case01_baseline_boxes,6,294.5,1.000,12.745,585.456,-1.437,744.794,-10.599,0.000,0.981,38.320,-0.369,0.000,0.016,0.368,-0.019,0.000,0.193,0.026,-84.634,0.006,-0.001,-0.099,0.000,-0.002,0.000,0.000,-0.008,0.003,-0.255,-0.009,0.271,0.000,1,1,1,1,0.001,0.004,0.041,0.235,0.002,0.002,-0.001,-0.001,0.235,0.002,0.000,0
20260703_202909,case01_baseline_boxes,6,294.5,1.000,12.846,584.395,-1.437,744.892,-10.606,0.000,0.980,38.346,-0.073,0.000,-0.013,0.071,-0.020,0.000,0.193,0.026,-84.643,0.005,-0.001,-0.092,0.000,-0.002,0.000,0.000,-0.001,0.000,-0.281,-0.009,0.270,0.000,1,1,1,1,0.001,0.004,0.041,0.235,0.002,0.002,-0.001,-0.001,0.235,0.002,0.000,0
20260703_202909,case01_baseline_boxes,6,294.5,1.000,12.957,583.211,-1.437,745.001,-10.586,0.000,0.975,38.270,0.205,0.000,-0.045,-0.209,-0.026,0.000,0.194,0.026,-84.654,0.006,-0.001,-0.110,0.000,-0.001,0.000,0.000,0.007,-0.002,-0.315,-0.009,0.265,0.000,1,1,1,1,-0.002,-0.004,0.032,-0.190,0.002,0.002,0.000,0.000,0.190,0.002,0.000,0
20260703_202909,case01_baseline_boxes,6,294.5,1.000,13.070,582.022,-1.437,745.111,-10.622,0.000,0.976,38.399,-0.358,0.000,0.007,0.357,-0.026,0.000,0.195,0.026,-84.666,0.006,0.000,-0.122,0.000,-0.002,0.000,0.000,-0.009,0.002,-0.315,-0.009,0.268,0.000,1,1,1,1,0.001,0.004,0.041,0.233,0.002,0.002,-0.001,-0.001,0.233,0.002,0.000,0
20260703_202909,case01_baseline_boxes,6,294.5,1.000,13.178,580.875,-1.437,745.216,-10.601,0.000,0.972,38.322,0.210,0.000,-0.045,-0.213,-0.025,0.000,0.195,0.026,-84.678,0.004,-0.001,-0.120,0.000,-0.002,0.000,0.000,0.007,-0.003,-0.308,-0.009,0.262,0.000,1,1,1,1,-0.002,-0.004,0.032,-0.189,0.002,0.002,0.000,0.000,0.189,0.002,0.000,0
20260703_202909,case01_baseline_boxes,6,294.5,1.000,13.281,579.774,-1.437,745.317,-10.636,0.000,0.973,38.449,-0.351,0.000,0.011,0.351,-0.022,0.000,0.195,0.026,-84.690,0.003,0.000,-0.119,0.000,-0.002,0.000,0.001,-0.008,0.002,-0.304,-0.009,0.266,0.000,1,1,1,1,0.001,0.004,0.040,0.232,0.002,0.002,-0.001,-0.001,0.232,0.002,0.000,0
20260703_202909,case01_baseline_boxes,6,294.5,1.000,13.385,578.669,-1.437,745.417,-10.642,0.000,0.971,38.470,-0.061,0.000,-0.014,0.059,-0.019,0.000,0.196,0.026,-84.702,0.004,0.000,-0.119,0.000,-0.002,0.000,0.000,0.000,0.000,-0.292,-0.010,0.265,0.000,1,1,1,1,0.001,0.004,0.040,0.231,0.002,0.002,-0.001,-0.001,0.231,0.002,0.000,0
20260703_202909,case01_baseline_boxes,6,294.5,1.000,13.489,577.564,-1.437,745.518,-10.648,0.000,0.970,38.490,-0.059,0.000,-0.014,0.057,-0.019,0.000,0.196,0.025,-84.714,0.003,-0.001,-0.118,0.000,-0.002,0.000,0.000,0.000,0.000,-0.285,-0.010,0.264,0.000,1,1,1,1,0.001,0.004,0.040,0.231,0.002,0.002,-0.001,-0.001,0.231,0.002,0.000,0
20260703_202909,case01_baseline_boxes,6,294.5,1.000,13.594,576.455,-1.437,745.619,-10.626,0.000,0.966,38.411,0.217,0.000,-0.042,-0.220,-0.022,0.000,0.196,0.025,-84.725,0.001,-0.001,-0.115,0.000,-0.002,0.000,0.000,0.008,-0.002,-0.281,-0.009,0.259,0.000,1,1,1,1,-0.002,-0.004,0.032,-0.188,0.001,0.001,0.000,0.000,0.188,0.001,0.000,0
20260703_202909,case01_baseline_boxes,6,294.5,1.000,13.697,575.350,-1.437,745.719,-10.632,0.000,0.964,38.430,-0.055,0.000,-0.015,0.053,-0.020,0.000,0.196,0.025,-84.737,0.000,-0.001,-0.113,0.000,-0.002,0.000,0.000,0.000,0.000,-0.277,-0.009,0.258,0.000,1,1,1,1,-0.002,-0.004,0.032,-0.187,0.001,0.001,0.000,0.000,0.187,0.001,0.000,0
20260703_202909,case01_baseline_boxes,6,294.5,1.000,13.798,574.283,-1.437,745.816,-10.637,0.000,0.963,38.449,-0.053,0.000,-0.015,0.052,-0.020,0.000,0.196,0.025,-84.748,-0.001,-0.001,-0.109,0.000,-0.002,0.000,0.000,0.000,0.000,-0.270,-0.009,0.257,0.000,1,1,1,1,-0.002,-0.004,0.032,-0.187,0.001,0.001,0.000,0.000,0.187,0.001,0.000,0
20260703_202909,case01_baseline_boxes,6,294.5,1.000,13.905,573.135,-1.437,745.920,-10.670,0.000,0.964,38.569,-0.334,0.000,0.009,0.334,-0.021,0.000,0.196,0.025,-84.759,0.001,-0.001,-0.117,0.000,-0.002,0.000,0.001,-0.008,0.002,-0.273,-0.009,0.261,0.000,1,1,1,1,0.001,0.004,0.040,0.229,0.002,0.002,-0.001,-0.001,0.229,0.002,0.000,0
20260703_202909,case01_baseline_boxes,6,294.5,1.000,14.009,572.025,-1.437,746.020,-10.675,0.000,0.962,38.586,-0.049,0.000,-0.017,0.047,-0.021,0.000,0.196,0.025,-84.771,-0.002,0.000,-0.114,0.000,-0.002,0.000,0.000,0.000,0.000,-0.299,-0.009,0.260,0.000,1,1,1,1,0.001,0.004,0.040,0.228,0.002,0.002,-0.001,-0.001,0.228,0.002,0.000,0
20260703_202909,case01_baseline_boxes,6,294.5,1.000,14.126,570.785,-1.437,746.132,-10.681,0.000,0.960,38.606,-0.057,0.000,-0.020,0.055,-0.026,0.000,0.196,0.025,-84.783,-0.002,-0.001,-0.127,0.000,-0.002,0.000,0.000,0.000,0.000,-0.278,-0.009,0.259,0.000,1,1,1,1,0.001,0.004,0.039,0.228,0.002,0.002,-0.001,-0.001,0.228,0.002,0.000,0
20260703_202909,case01_baseline_boxes,6,294.5,1.000,14.237,569.593,-1.437,746.239,-10.658,0.000,0.955,38.524,0.226,0.000,-0.046,-0.229,-0.025,0.000,0.195,0.025,-84.796,-0.001,0.000,-0.125,0.000,-0.002,0.000,0.000,0.007,-0.002,-0.284,-0.010,0.254,0.000,1,1,1,1,-0.002,-0.004,0.031,-0.186,0.001,0.001,0.000,0.000,0.186,0.001,0.000,0
20260703_202909,case01_baseline_boxes,6,294.5,1.000,14.342,568.481,-1.437,746.338,-10.691,0.000,0.956,38.640,-0.325,0.000,0.004,0.324,-0.025,0.000,0.195,0.025,-84.808,-0.003,0.000,-0.120,0.000,-0.002,0.000,0.000,-0.008,0.002,-0.287,-0.010,0.258,0.000,1,1,1,1,0.001,0.004,0.039,0.227,0.002,0.002,-0.001,-0.001,0.227,0.002,0.000,0
20260703_202909,case01_baseline_boxes,6,294.5,1.000,14.446,567.369,-1.437,746.437,-10.695,0.000,0.954,38.655,-0.043,0.000,-0.021,0.041,-0.024,0.000,0.195,0.025,-84.820,-0.003,0.000,-0.124,0.000,-0.002,0.000,0.000,-0.001,0.000,-0.315,-0.010,0.257,0.000,1,1,1,1,0.001,0.004,0.039,0.226,0.002,0.002,-0.001,-0.001,0.226,0.002,0.000,0
20260703_202909,case01_baseline_boxes,6,294.5,1.000,14.558,566.175,-1.437,746.544,-10.672,0.000,0.949,38.571,0.229,0.000,-0.048,-0.233,-0.027,0.000,0.195,0.025,-84.834,-0.002,-0.001,-0.135,0.000,-0.002,0.000,0.000,0.007,-0.002,-0.317,-0.010,0.252,0.000,1,1,1,1,-0.002,-0.004,0.031,-0.185,0.002,0.002,0.000,0.000,0.185,0.002,0.000,0
20260703_202909,case01_baseline_boxes,6,294.5,1.000,14.662,565.060,-1.437,746.643,-10.704,0.000,0.949,38.685,-0.318,0.000,0.003,0.317,-0.026,0.001,0.194,0.025,-84.847,-0.003,0.000,-0.128,0.000,-0.003,0.000,0.000,-0.008,0.002,-0.320,-0.011,0.256,0.000,1,1,1,1,0.001,0.004,0.039,0.226,0.002,0.002,-0.001,-0.001,0.226,0.002,0.000,0
20260703_202909,case01_baseline_boxes,6,294.5,1.000,14.770,563.907,-1.437,746.745,-10.708,0.000,0.947,38.698,-0.038,0.000,-0.021,0.036,-0.025,0.000,0.194,0.025,-84.860,-0.002,0.000,-0.138,0.000,-0.003,0.000,0.000,0.000,0.000,-0.314,-0.011,0.255,0.000,1,1,1,1,0.001,0.004,0.039,0.225,0.002,0.002,-0.001,-0.001,0.225,0.002,0.000,0
20260703_202909,case01_baseline_boxes,6,294.5,1.000,14.881,562.712,-1.437,746.850,-10.712,0.000,0.944,38.714,-0.045,0.000,-0.027,0.042,-0.031,0.000,0.194,0.025,-84.875,-0.001,-0.001,-0.143,0.000,-0.003,0.000,0.000,-0.001,0.000,-0.325,-0.011,0.255,0.000,1,1,1,1,0.001,0.004,0.039,0.225,0.002,0.002,-0.001,-0.001,0.225,0.002,0.000,0
20260703_202909,case01_baseline_boxes,6,294.5,1.000,14.997,561.472,-1.437,746.959,-10.689,0.000,0.939,38.628,0.234,0.000,-0.051,-0.237,-0.030,0.000,0.194,0.025,-84.890,-0.002,0.000,-0.154,0.000,-0.002,0.000,-0.001,0.007,-0.002,-0.330,-0.011,0.250,0.000,1,1,1,1,-0.002,-0.004,0.031,-0.184,0.002,0.002,0.000,0.000,0.184,0.002,0.000,0
20260703_202909,case01_baseline_boxes,6,294.5,1.000,15.097,560.400,-1.437,747.054,-10.692,0.000,0.937,38.640,-0.035,0.000,-0.023,0.032,-0.026,0.000,0.194,0.025,-84.903,0.000,0.000,-0.135,0.000,-0.002,0.000,0.000,0.000,0.000,-0.325,-0.011,0.250,0.000,1,1,1,1,-0.002,-0.004,0.031,-0.184,0.002,0.002,0.000,0.000,0.184,0.002,0.000,0
20260703_202909,case01_baseline_boxes,6,294.5,1.000,15.197,559.329,-1.437,747.147,-10.696,0.000,0.934,38.651,-0.034,0.000,-0.024,0.032,-0.027,0.000,0.194,0.025,-84.917,0.000,0.000,-0.138,0.000,-0.002,0.000,0.000,0.000,0.000,-0.322,-0.011,0.249,0.000,1,1,1,1,-0.002,-0.004,0.031,-0.183,0.002,0.002,0.000,0.000,0.183,0.002,0.000,0
20260703_202909,case01_baseline_boxes,6,294.5,1.000,15.310,558.124,-1.437,747.252,-10.727,0.000,0.934,38.762,-0.308,0.000,-0.002,0.306,-0.029,0.001,0.194,0.025,-84.933,0.001,0.000,-0.159,0.000,-0.003,0.000,0.000,-0.008,0.002,-0.323,-0.011,0.253,0.000,1,1,1,1,0.001,0.004,0.038,0.223,0.002,0.002,-0.001,-0.001,0.223,0.002,0.000,0
20260703_202909,case01_baseline_boxes,6,294.5,1.000,15.417,556.974,-1.437,747.352,-10.703,0.000,0.929,38.675,0.237,0.000,-0.053,-0.241,-0.032,0.000,0.194,0.025,-84.948,0.000,-0.001,-0.152,0.000,-0.002,0.000,-0.001,0.007,-0.002,-0.326,-0.011,0.248,0.000,1,1,1,1,-0.002,-0.004,0.031,-0.183,0.002,0.002,0.000,0.000,0.183,0.002,0.000,0
20260703_202909,case01_baseline_boxes,6,294.5,1.000,15.518,555.898,-1.437,747.446,-10.706,0.000,0.926,38.685,-0.030,0.000,-0.027,0.028,-0.029,0.000,0.194,0.025,-84.963,0.001,0.000,-0.146,0.000,-0.002,0.000,0.000,-0.001,0.000,-0.354,-0.011,0.248,0.000,1,1,1,1,-0.002,-0.004,0.031,-0.183,0.002,0.002,0.000,0.000,0.183,0.002,0.000,0
20260703_202909,case01_baseline_boxes,6,294.5,1.000,15.621,554.786,-1.437,747.542,-10.736,0.000,0.926,38.794,-0.303,0.000,-0.004,0.302,-0.031,0.000,0.194,0.025,-84.978,0.002,-0.001,-0.153,0.000,-0.003,0.000,0.000,-0.008,0.002,-0.357,-0.011,0.251,0.000,1,1,1,1,0.001,0.004,0.038,0.223,0.003,0.003,-0.001,-0.001,0.223,0.003,0.000,0
20260703_202909,case01_baseline_boxes,6,294.5,1.000,15.734,553.581,-1.437,747.645,-10.712,0.000,0.921,38.706,0.240,0.000,-0.054,-0.243,-0.033,0.000,0.195,0.025,-84.995,0.002,0.000,-0.170,0.000,-0.002,0.000,0.000,0.007,-0.002,-0.359,-0.011,0.247,0.000,1,1,1,1,-0.002,-0.004,0.030,-0.182,0.002,0.002,0.000,0.000,0.182,0.002,0.000,0
20260703_202909,case01_baseline_boxes,6,294.5,1.000,15.842,552.424,-1.437,747.745,-10.742,0.000,0.920,38.814,-0.301,0.000,-0.006,0.299,-0.032,0.000,0.195,0.025,-85.012,0.002,-0.001,-0.163,0.000,-0.003,0.000,0.000,-0.008,0.002,-0.362,-0.011,0.250,0.000,1,1,1,1,0.001,0.004,0.038,0.222,0.002,0.003,0.000,0.000,0.222,0.003,0.000,0
20260703_202909,case01_baseline_boxes,6,294.5,1.000,15.954,551.221,-1.437,747.848,-10.718,0.000,0.914,38.726,0.241,0.000,-0.055,-0.245,-0.033,0.000,0.195,0.025,-85.029,0.002,0.000,-0.175,0.000,-0.002,0.000,0.000,0.007,-0.002,-0.362,-0.012,0.246,0.000,1,1,1,1,-0.002,-0.004,0.030,-0.182,0.002,0.002,0.000,0.000,0.182,0.002,0.000,0
20260703_202909,case01_baseline_boxes,6,294.5,1.000,16.057,550.108,-1.437,747.942,-10.721,0.000,0.912,38.734,-0.026,0.000,-0.028,0.023,-0.030,0.000,0.195,0.025,-85.045,0.003,-0.001,-0.162,0.000,-0.002,0.000,0.000,0.000,0.000,-0.355,-0.012,0.246,0.000,1,1,1,1,-0.002,-0.004,0.030,-0.182,0.002,0.002,0.000,0.000,0.182,0.002,0.000,0
20260703_202909,case01_baseline_boxes,6,294.5,1.000,16.158,549.031,-1.437,748.034,-10.723,0.000,0.909,38.742,-0.025,0.000,-0.029,0.022,-0.031,0.000,0.196,0.025,-85.061,0.003,0.000,-0.160,0.000,-0.002,0.000,0.000,0.000,0.000,-0.352,-0.012,0.245,0.000,1,1,1,1,-0.002,-0.004,0.030,-0.181,0.002,0.002,0.000,0.000,0.181,0.002,0.000,0
20260703_202909,case01_baseline_boxes,6,294.5,1.000,16.282,547.688,-1.170,748.138,-11.156,0.093,0.655,40.234,-4.331,0.927,-2.541,4.115,-2.916,0.796,-0.594,-1.399,-85.007,-7.896,-14.240,0.543,-0.005,-0.005,-0.061,-0.044,-0.029,-0.605,-0.531,-0.025,0.161,0.000,1,0,1,1,-0.067,0.000,0.056,0.131,-0.013,0.000,-0.036,-0.036,0.131,0.036,0.023,0
20260703_202909,case01_baseline_boxes,6,294.5,1.000,16.389,546.554,-0.990,748.226,-10.401,0.121,0.810,37.559,7.555,0.286,1.553,-7.366,2.193,0.714,-1.256,-2.951,-84.982,-6.617,-15.519,0.249,0.030,-0.009,-0.151,0.349,-0.040,-0.908,-0.795,-0.026,0.299,0.000,1,1,0,1,0.142,0.225,0.000,0.343,0.035,0.009,0.000,0.000,0.343,0.035,0.013,0
20260703_202909,case01_baseline_boxes,6,294.5,1.000,16.502,545.404,-1.030,748.317,-10.323,-0.670,0.810,37.354,0.781,-7.912,0.001,-1.293,0.273,-7.840,-1.492,-3.743,-85.023,-2.365,-7.915,-0.409,0.025,-0.005,-0.102,-0.054,0.046,0.493,-0.654,-0.022,0.314,0.000,0,0,1,1,0.000,0.000,0.373,0.299,0.000,0.000,0.000,0.000,0.373,0.000,0.000,0
20260703_202909,case01_baseline_boxes,6,294.5,1.000,16.609,544.297,-1.112,748.405,-10.301,-0.811,0.813,37.312,0.221,-1.413,0.027,-0.321,0.087,-1.391,-1.696,-4.213,-85.026,-2.036,-4.703,-0.030,0.028,-0.003,-0.055,0.028,0.021,0.476,-0.612,-0.021,0.315,0.000,0,0,1,1,0.000,0.000,0.051,0.446,0.000,0.000,-0.001,-0.001,0.446,0.001,0.000,0
20260703_202909,case01_baseline_boxes,6,294.5,1.000,16.710,543.278,-1.119,748.490,-10.117,0.316,0.862,36.569,1.841,11.276,0.494,-0.975,0.299,11.391,-1.773,-4.129,-85.042,-0.768,0.844,-0.158,0.005,-0.005,0.058,-0.228,-0.024,1.123,-0.729,-0.025,0.339,0.000,0,0,1,1,0.000,0.000,0.067,0.183,0.000,0.000,0.003,0.003,0.183,0.003,0.000,0
20260703_202909,case01_baseline_boxes,6,294.5,1.000,16.834,542.022,-1.118,748.596,-10.090,-0.279,0.856,36.468,0.265,-5.955,-0.067,-0.643,0.138,-5.925,-1.759,-3.600,-85.063,0.136,5.283,-0.214,0.004,-0.001,0.090,-0.007,0.040,0.319,-0.841,-0.024,0.335,0.000,0,0,1,1,0.000,0.000,0.063,-0.228,0.000,0.000,0.001,0.001,0.228,0.001,0.000,0
20260703_202909,case01_baseline_boxes,6,294.5,1.000,16.934,541.007,-1.166,748.682,-10.089,-0.694,0.857,36.538,0.008,-4.146,0.014,-0.224,0.140,-4.138,-1.732,-3.015,-85.068,0.266,5.856,-0.046,0.004,0.001,0.115,0.001,0.019,0.254,-0.935,-0.032,0.332,0.000,0,0,1,1,0.000,0.000,0.054,-0.255,0.000,0.000,0.000,0.000,0.255,0.000,0.000,0
20260703_202909,case01_baseline_boxes,6,294.5,1.000,17.061,539.715,-1.282,748.792,-10.131,-1.113,0.867,36.822,-0.413,-4.189,0.103,0.270,0.191,-4.197,-1.686,-2.048,-85.061,0.467,9.670,0.070,0.006,0.001,0.152,0.019,0.005,0.373,-1.245,-0.043,0.333,0.000,0,0,1,1,0.000,0.000,0.053,0.367,0.000,0.000,-0.002,-0.002,0.367,0.002,0.000,0
20260703_202909,case01_baseline_boxes,6,294.5,1.000,17.165,538.659,-1.409,748.883,-10.116,-1.316,0.872,36.859,0.142,-2.030,0.045,-0.174,0.115,-2.025,-1.644,-1.049,-85.047,0.420,9.983,0.136,0.008,0.002,0.183,0.022,0.008,0.305,-1.437,-0.049,0.330,0.000,0,1,1,1,0.000,-0.180,0.050,0.392,0.000,0.025,-0.002,-0.002,0.392,0.025,0.000,0
20260703_202909,case01_baseline_boxes,6,294.5,1.000,17.265,537.644,-1.518,748.967,-10.147,-0.761,0.823,36.751,-0.304,5.544,-0.483,0.268,-0.659,5.527,-1.570,-0.070,-85.073,0.741,9.796,-0.262,-0.002,-0.011,0.150,-0.105,-0.133,-0.324,-1.500,-0.050,0.329,0.000,1,1,1,1,0.000,-0.575,0.042,0.380,0.008,0.009,-0.002,-0.002,0.575,0.009,0.000,0
20260703_202909,case01_baseline_boxes,6,294.5,1.000,17.370,536.577,-1.484,749.057,-10.260,0.433,0.872,37.102,-1.131,11.941,0.486,1.122,0.120,11.951,-1.281,0.222,-85.082,2.883,2.918,-0.093,-0.050,-0.005,0.037,-0.479,0.063,-1.131,-1.594,-0.053,0.316,0.000,1,1,1,1,0.001,-0.172,0.059,0.239,0.013,0.013,-0.007,-0.007,0.239,0.013,0.000,0
20260703_202909,case01_baseline_boxes,6,294.5,1.000,17.477,535.469,-1.441,749.150,-10.290,0.346,0.875,37.197,-0.297,-0.873,0.025,0.304,0.014,-0.871,-0.942,0.372,-85.130,3.391,1.501,-0.476,-0.055,-0.010,0.022,-0.046,-0.048,-0.158,-1.346,-0.045,0.311,0.000,1,1,1,1,0.000,0.024,0.062,-0.039,0.005,0.005,-0.004,-0.004,0.062,0.005,0.000,0
20260703_202909,case01_baseline_boxes,6,294.5,1.000,17.581,534.398,-1.413,749.240,-10.322,0.190,0.882,37.301,-0.322,-1.555,0.078,0.340,0.067,-1.552,-0.601,0.431,-85.190,3.414,0.590,-0.597,-0.058,-0.011,0.008,-0.029,-0.009,-0.137,-1.081,-0.036,0.307,0.000,1,1,1,1,0.000,0.000,0.060,0.037,0.001,0.001,-0.003,-0.003,0.060,0.003,0.000,0
20260703_202909,case01_baseline_boxes,6,294.5,1.000,17.689,533.299,-0.921,749.325,-9.762,0.401,0.637,35.248,5.598,2.111,-2.458,-5.841,-2.066,1.857,-1.503,1.972,-85.554,-9.024,15.410,-3.640,-0.042,-0.025,0.085,0.160,-0.142,0.766,-0.678,-0.021,0.388,0.000,0,1,1,1,0.000,0.005,-0.127,-1.382,0.000,-0.042,-0.020,0.005,1.382,0.042,0.032,0
20260703_202909,case01_baseline_boxes,6,294.5,1.000,17.797,532.242,-0.771,749.413,-9.716,-0.027,0.784,35.091,0.462,-4.280,1.477,-0.131,1.616,-4.253,-1.445,2.929,-85.688,0.585,9.567,-1.342,-0.013,-0.016,0.104,0.283,0.087,0.192,-0.470,-0.011,0.395,0.000,0,1,0,1,0.000,0.006,0.000,0.157,0.000,-0.005,0.000,0.030,0.157,0.030,0.000,0
20260703_202909,case01_baseline_boxes,6,294.5,1.000,17.902,531.232,-0.823,749.494,-9.647,-0.842,0.788,34.977,0.687,-8.152,0.036,-0.196,0.274,-8.175,-1.307,3.417,-85.761,1.375,4.882,-0.728,-0.022,-0.012,0.061,-0.084,0.041,-0.425,-0.302,-0.010,0.400,0.000,1,1,0,0,0.006,0.000,0.000,0.000,-0.003,-0.003,0.000,0.000,0.006,0.003,0.000,0
20260703_202909,case01_baseline_boxes,6,294.5,1.000,18.006,530.227,-0.929,749.576,-9.650,-1.174,0.796,35.113,-0.027,-3.319,0.083,0.241,0.147,-3.308,-1.145,3.606,-85.818,1.628,1.890,-0.575,-0.028,-0.011,0.002,-0.064,0.013,-0.591,-0.208,-0.007,0.395,0.000,1,1,0,0,0.000,-0.004,0.000,0.000,-0.002,-0.002,0.000,0.000,0.004,0.002,0.000,0
20260703_202909,case01_baseline_boxes,6,294.5,1.000,18.113,529.184,-1.036,749.663,-9.706,-1.338,0.814,35.392,-0.557,-1.644,0.183,0.660,0.167,-1.607,-0.894,3.213,-85.842,2.501,-3.935,-0.236,-0.043,-0.008,-0.076,-0.147,0.028,-0.787,-0.276,-0.006,0.385,0.000,1,1,0,0,0.002,0.086,0.000,0.000,0.003,0.003,0.000,0.000,0.086,0.003,0.000,0
20260703_202909,case01_baseline_boxes,6,294.5,1.000,18.234,528.018,-1.191,749.760,-9.711,-1.750,0.810,35.641,-0.051,-4.120,-0.041,0.213,-0.004,-4.115,-0.570,2.295,-85.861,3.241,-9.174,-0.192,-0.050,-0.008,-0.138,-0.072,-0.003,-0.612,-0.230,-0.005,0.379,0.000,1,1,0,0,0.004,0.299,0.000,0.000,0.002,0.002,0.000,0.000,0.299,0.002,0.000,0
20260703_202909,case01_baseline_boxes,6,294.5,1.000,18.342,526.976,-1.379,749.846,-9.685,-2.056,0.805,35.761,0.257,-3.060,-0.052,-0.199,-0.019,-3.064,-0.284,1.159,-85.886,2.867,-11.359,-0.245,-0.056,-0.006,-0.193,-0.064,0.021,-0.548,-0.136,-0.005,0.365,0.000,1,1,0,1,-0.003,-0.304,0.000,0.805,0.000,0.000,0.000,0.007,0.805,0.007,0.000,0
20260703_202909,case01_baseline_boxes,6,294.5,1.000,18.442,525.986,-1.545,749.925,-10.104,-1.232,0.800,36.758,-4.194,8.247,-0.050,4.169,-0.358,8.252,-0.053,0.073,-85.895,2.301,-10.861,-0.099,-0.047,0.001,-0.170,0.093,0.075,0.224,-0.024,-0.001,0.325,0.000,1,1,1,1,-0.002,-0.215,-0.531,0.497,0.006,0.006,-0.002,-0.002,0.531,0.006,0.000,0
20260703_202909,case01_baseline_boxes,6,294.5,1.000,18.542,524.982,-1.517,750.003,-10.065,0.549,0.781,36.396,0.394,17.811,-0.187,-0.274,-0.116,17.814,0.135,-0.425,-85.920,1.887,-4.981,-0.245,-0.034,-0.005,-0.055,0.131,-0.063,1.154,0.049,0.003,0.348,0.000,1,1,1,1,-0.003,0.003,-0.072,0.383,-0.003,-0.003,0.003,0.003,0.383,0.003,0.000,0
20260703_202909,case01_baseline_boxes,6,294.5,1.000,18.650,523.897,-1.464,750.086,-10.069,0.405,0.774,36.385,-0.042,-1.447,-0.077,0.019,-0.088,-1.447,0.317,-0.673,-85.940,1.819,-2.477,-0.201,-0.030,-0.002,-0.021,0.035,0.026,0.335,0.179,0.006,0.349,0.000,1,1,1,1,-0.004,0.002,0.045,0.333,-0.003,-0.003,0.002,0.002,0.333,0.003,0.000,0
20260703_202909,case01_baseline_boxes,6,294.5,1.000,18.757,522.814,-1.433,750.169,-10.033,0.197,0.767,36.230,0.364,-2.077,-0.068,-0.394,-0.060,-2.072,0.490,-0.707,-85.947,1.731,-0.342,-0.073,-0.026,0.000,0.011,0.040,0.028,0.317,0.271,0.009,0.344,0.000,1,1,1,1,-0.008,-0.004,0.029,-0.237,-0.004,-0.004,0.001,0.001,0.237,0.004,0.000,0
20260703_202909,case01_baseline_boxes,6,294.5,1.000,18.881,521.567,-1.420,750.263,-10.081,0.022,0.769,36.398,-0.486,-1.751,0.021,0.469,-0.034,-1.756,0.672,-0.551,-85.943,1.813,1.561,0.046,-0.021,0.002,0.034,0.053,0.011,0.234,0.337,0.011,0.348,0.000,1,1,1,1,0.000,0.003,0.050,0.272,-0.002,-0.002,0.000,0.000,0.272,0.002,0.000,0
20260703_202909,case01_baseline_boxes,6,294.5,1.000,18.989,520.478,-1.422,750.346,-10.100,-0.031,0.769,36.464,-0.183,-0.532,0.004,0.180,-0.016,-0.533,0.805,-0.328,-85.927,1.335,2.231,0.153,-0.017,0.003,0.040,0.044,0.015,0.058,0.333,0.011,0.344,0.000,1,1,1,1,0.001,0.003,0.049,0.241,-0.001,-0.001,0.000,0.000,0.241,0.001,0.000,0
20260703_202909,case01_baseline_boxes,6,294.5,1.000,19.089,519.467,-1.425,750.422,-10.124,-0.030,0.769,36.550,-0.241,0.015,-0.007,0.240,-0.024,0.015,0.903,-0.112,-85.905,0.975,2.153,0.222,-0.012,0.004,0.037,0.045,0.011,-0.028,0.334,0.011,0.340,0.000,1,1,1,1,0.001,0.003,0.048,0.200,0.000,0.000,0.000,0.000,0.200,0.000,0.000,0
20260703_202909,case01_baseline_boxes,6,294.5,1.000,19.197,518.373,-1.427,750.505,-10.142,0.000,0.765,36.614,-0.180,0.302,-0.040,0.176,-0.048,0.303,0.977,0.083,-85.876,0.740,1.949,0.288,-0.007,0.005,0.027,0.048,0.009,-0.095,0.262,0.009,0.333,0.000,1,1,1,1,-0.001,-0.002,0.042,-0.072,0.001,0.001,0.000,0.000,0.072,0.001,0.000,0
20260703_202909,case01_baseline_boxes,6,294.5,1.000,19.309,517.239,-1.425,750.590,-10.183,0.028,0.761,36.760,-0.410,0.274,-0.041,0.405,-0.066,0.277,1.019,0.216,-85.846,0.422,1.333,0.308,-0.003,0.005,0.016,0.044,-0.003,-0.119,0.169,0.005,0.329,0.000,1,1,1,1,0.000,0.000,0.045,0.053,0.003,0.003,-0.001,-0.001,0.053,0.003,0.000,0
20260703_202909,case01_baseline_boxes,6,294.5,1.000,19.410,516.211,-1.421,750.666,-10.212,0.035,0.755,36.864,-0.292,0.074,-0.053,0.287,-0.072,0.077,1.029,0.272,-85.820,0.101,0.560,0.255,0.001,0.004,0.005,0.036,-0.005,-0.104,0.099,0.002,0.324,0.000,1,1,1,1,0.000,0.000,0.045,0.037,0.003,0.003,-0.001,-0.001,0.045,0.003,0.000,0
20260703_202909,case01_baseline_boxes,6,294.5,1.000,19.510,515.185,-1.418,750.742,-10.242,0.023,0.749,36.969,-0.300,-0.124,-0.061,0.295,-0.085,-0.121,1.015,0.275,-85.799,-0.137,0.028,0.211,0.004,0.003,-0.004,0.036,-0.009,-0.091,-0.011,-0.001,0.320,0.000,1,1,1,1,0.000,0.000,0.044,0.033,0.003,0.003,-0.001,-0.001,0.044,0.003,0.000,0
20260703_202909,case01_baseline_boxes,6,294.5,1.000,19.618,514.081,-1.417,750.822,-10.266,0.000,0.744,37.055,-0.242,-0.226,-0.056,0.238,-0.077,-0.224,0.977,0.235,-85.782,-0.377,-0.396,0.168,0.007,0.002,-0.009,0.029,-0.010,-0.054,-0.109,-0.004,0.317,0.000,1,1,1,1,0.000,0.000,0.043,0.033,0.004,0.004,-0.001,-0.001,0.043,0.004,0.000,0
20260703_202909,case01_baseline_boxes,6,294.5,1.000,19.730,512.925,-1.419,750.906,-10.291,-0.028,0.737,37.143,-0.250,-0.282,-0.065,0.245,-0.088,-0.280,0.916,0.168,-85.772,-0.612,-0.675,0.105,0.010,0.001,-0.012,0.032,-0.012,-0.029,-0.204,-0.007,0.313,0.000,1,1,1,1,0.000,0.000,0.042,0.031,0.004,0.004,-0.001,-0.001,0.042,0.004,0.000,0
20260703_202909,case01_baseline_boxes,6,294.5,1.000,19.838,511.819,-1.423,750.985,-10.309,-0.044,0.732,37.206,-0.180,-0.160,-0.055,0.176,-0.070,-0.159,0.841,0.097,-85.768,-0.757,-0.710,0.033,0.013,0.000,-0.012,0.023,-0.010,0.001,-0.273,-0.009,0.310,0.000,1,1,1,1,0.000,0.000,0.040,0.030,0.004,0.004,-0.001,-0.001,0.040,0.004,0.000,0
